brand;view_users;cart_users;purchase_users;view_to_cart_rate;cart_to_purchase_rate;total_conversion_rate;view_to_cart_dropoff_users;cart_to_purchase_dropoff_users
samsung;935464;119269;71841;12.75;60.23;7.68;816195;47428
apple;729319;81910;46879;11.23;57.23;6.43;647409;35031
xiaomi;470832;43356;22623;9.21;52.18;4.8;427476;20733
huawei;234061;19005;11331;8.12;59.62;4.84;215056;7674
lg;145762;6970;3388;4.78;48.61;2.32;138792;3582
lucente;145492;0;0;0.0;;0.0;145492;0
bosch;142152;3866;1801;2.72;46.59;1.27;138286;2065
sony;122111;5124;2367;4.2;46.19;1.94;116987;2757
cordiant;119818;3500;1650;2.92;47.14;1.38;116318;1850
oppo;114818;9087;5668;7.91;62.37;4.94;105731;3419
philips;91568;3695;1823;4.04;49.34;1.99;87873;1872
elenberg;91033;4949;2394;5.44;48.37;2.63;86084;2555
dauscher;90864;1049;422;1.15;40.23;0.46;89815;627
artel;89692;3296;1729;3.67;52.46;1.93;86396;1567
acer;87586;4743;2353;5.42;49.61;2.69;82843;2390
respect;79814;0;0;0.0;;0.0;79814;0
redmond;78074;3178;1589;4.07;50.0;2.04;74896;1589
vitek;75648;2585;1313;3.42;50.79;1.74;73063;1272
indesit;73437;3460;1699;4.71;49.1;2.31;69977;1761
stels;73349;223;117;0.3;52.47;0.16;73126;106
hp;70618;1529;701;2.17;45.85;0.99;69089;828
lenovo;69962;1533;777;2.19;50.68;1.11;68429;756
beko;68382;2977;1383;4.35;46.46;2.02;65405;1594
polaris;64641;1649;770;2.55;46.69;1.19;62992;879
force;64399;90;38;0.14;42.22;0.06;64309;52
sv;63513;0;0;0.0;;0.0;63513;0
triangle;61627;347;152;0.56;43.8;0.25;61280;195
haier;61064;3184;1407;5.21;44.19;2.3;57880;1777
tefal;60984;2717;1411;4.46;51.93;2.31;58267;1306
brw;59252;0;0;0.0;;0.0;59252;0
nokian;55228;2819;1322;5.1;46.9;2.39;52409;1497
nokia;49869;1863;990;3.74;53.14;1.99;48006;873
nike;49069;0;0;0.0;;0.0;49069;0
bts;48847;0;0;0.0;;0.0;48847;0
casio;48836;51;22;0.1;43.14;0.05;48785;29
asus;48427;1210;531;2.5;43.88;1.1;47217;679
pioneer;46724;270;147;0.58;54.44;0.31;46454;123
omabelle;46050;0;0;0.0;;0.0;46050;0
midea;44908;877;437;1.95;49.83;0.97;44031;440
baden;43346;0;0;0.0;;0.0;43346;0
meizu;43201;531;282;1.23;53.11;0.65;42670;249
jbl;42487;1707;826;4.02;48.39;1.94;40780;881
scarlett;42250;795;319;1.88;40.13;0.76;41455;476
skad;37063;0;0;0.0;;0.0;37063;0
yokohama;35102;1005;420;2.86;41.79;1.2;34097;585
viatti;33921;325;154;0.96;47.38;0.45;33596;171
starline;33711;1789;1030;5.31;57.57;3.06;31922;759
braun;32502;1020;534;3.14;52.35;1.64;31482;486
karcher;32345;933;420;2.88;45.02;1.3;31412;513
sokolov;31775;0;0;0.0;;0.0;31775;0
panasonic;31293;1109;500;3.54;45.09;1.6;30184;609
rowenta;30758;1549;817;5.04;52.74;2.66;29209;732
matador;27747;1711;666;6.17;38.92;2.4;26036;1045
nexpero;27634;0;0;0.0;;0.0;27634;0
honor;26435;509;216;1.93;42.44;0.82;25926;293
vivo;26340;1419;843;5.39;59.41;3.2;24921;576
kenwood;26096;228;106;0.87;46.49;0.41;25868;122
rieker;25807;0;0;0.0;;0.0;25807;0
galaxy;25790;44;24;0.17;54.55;0.09;25746;20
maxwell;25602;416;176;1.62;42.31;0.69;25186;240
atlant;24865;498;195;2.0;39.16;0.78;24367;303
electrolux;24503;590;288;2.41;48.81;1.18;23913;302
zeta;24358;909;364;3.73;40.04;1.49;23449;545
hansa;24311;508;205;2.09;40.35;0.84;23803;303
aeroforce;23956;36;14;0.15;38.89;0.06;23920;22
ritmix;23849;150;49;0.63;32.67;0.21;23699;101
cantra;23842;0;0;0.0;;0.0;23842;0
elari;23833;936;398;3.93;42.52;1.67;22897;538
garmin;23539;186;75;0.79;40.32;0.32;23353;111
huter;23495;1306;623;5.56;47.7;2.65;22189;683
kivi;23306;953;486;4.09;51.0;2.09;22353;467
rondell;23155;476;169;2.06;35.5;0.73;22679;307
prestigio;22612;657;323;2.91;49.16;1.43;21955;334
crown;22415;38;10;0.17;26.32;0.04;22377;28
tunga;22209;53;18;0.24;33.96;0.08;22156;35
luminarc;21871;275;127;1.26;46.18;0.58;21596;148
gorenje;21531;126;47;0.59;37.3;0.22;21405;79
strobbs;21070;0;0;0.0;;0.0;21070;0
lider;20782;0;0;0.0;;0.0;20782;0
vega;20178;0;0;0.0;;0.0;20178;0
jvc;20125;1;0;0.0;0.0;0.0;20124;1
canon;19989;623;285;3.12;45.75;1.43;19366;338
saturn;19767;265;105;1.34;39.62;0.53;19502;160
salamander;19465;0;0;0.0;;0.0;19465;0
janome;19390;826;412;4.26;49.88;2.12;18564;414
michelin;19388;654;323;3.37;49.39;1.67;18734;331
bq;18997;264;114;1.39;43.18;0.6;18733;150
oneplus;18745;63;29;0.34;46.03;0.15;18682;34
neoline;18600;477;197;2.56;41.3;1.06;18123;280
fassen;18299;0;0;0.0;;0.0;18299;0
alteco;17811;135;51;0.76;37.78;0.29;17676;84
kapsen;17793;0;0;0.0;;0.0;17793;0
kitfort;17676;103;59;0.58;57.28;0.33;17573;44
chicco;17442;158;58;0.91;36.71;0.33;17284;100
arg;17298;1075;545;6.21;50.7;3.15;16223;530
yasin;16897;15;4;0.09;26.67;0.02;16882;11
peda;16685;0;0;0.0;;0.0;16685;0
harper;16576;89;44;0.54;49.44;0.27;16487;45
ariston;16573;1136;632;6.85;55.63;3.81;15437;504
sho-me;16488;502;280;3.04;55.78;1.7;15986;222
bridgestone;16468;402;116;2.44;28.86;0.7;16066;286
delonghi;16468;359;167;2.18;46.52;1.01;16109;192
pt-group;16458;0;0;0.0;;0.0;16458;0
imperial;16231;0;0;0.0;;0.0;16231;0
kingston;16141;865;361;5.36;41.73;2.24;15276;504
gefest;16015;147;54;0.92;36.73;0.34;15868;93
kipardo;15963;0;0;0.0;;0.0;15963;0
maxxis;15743;78;24;0.5;30.77;0.15;15665;54
ibox;15678;177;87;1.13;49.15;0.55;15501;90
alpine;15634;35;16;0.22;45.71;0.1;15599;19
milavitsa;15611;0;0;0.0;;0.0;15611;0
gerat;15376;0;0;0.0;;0.0;15376;0
silverlit;15295;0;0;0.0;;0.0;15295;0
moulinex;15245;482;243;3.16;50.41;1.59;14763;239
tp-link;14988;537;249;3.58;46.37;1.66;14451;288
sven;14848;268;112;1.8;41.79;0.75;14580;156
omron;14722;796;380;5.41;47.74;2.58;13926;416
carfashion;14644;0;0;0.0;;0.0;14644;0
goodyear;14602;249;107;1.71;42.97;0.73;14353;142
matrix;14545;4;1;0.03;25.0;0.01;14541;3
jordan;14528;0;0;0.0;;0.0;14528;0
pulser;14242;0;0;0.0;;0.0;14242;0
canyon;14171;292;130;2.06;44.52;0.92;13879;162
makita;14066;4;0;0.03;0.0;0.0;14062;4
epson;13990;967;555;6.91;57.39;3.97;13023;412
greyder;13975;0;0;0.0;;0.0;13975;0
adidas;13700;0;0;0.0;;0.0;13700;0
tcl;13491;395;203;2.93;51.39;1.5;13096;192
reebok;13162;0;0;0.0;;0.0;13162;0
lego;12715;92;36;0.72;39.13;0.28;12623;56
yamaha;12667;0;0;0.0;;0.0;12667;0
dewalt;12602;187;74;1.48;39.57;0.59;12415;113
defender;12561;159;62;1.27;38.99;0.49;12402;97
remington;12516;529;281;4.23;53.12;2.25;11987;248
texet;12332;372;159;3.02;42.74;1.29;11960;213
trebl;12290;0;0;0.0;;0.0;12290;0
oasis;12148;395;185;3.25;46.84;1.52;11753;210
smeg;12070;61;20;0.51;32.79;0.17;12009;41
pirelli;11992;158;77;1.32;48.73;0.64;11834;81
lux;11961;0;0;0.0;;0.0;11961;0
intex;11919;4;0;0.03;0.0;0.0;11915;4
candy;11903;331;149;2.78;45.02;1.25;11572;182
karya;11837;0;0;0.0;;0.0;11837;0
kicx;11673;0;0;0.0;;0.0;11673;0
vegas;11641;0;0;0.0;;0.0;11641;0
stanley;11624;48;18;0.41;37.5;0.15;11576;30
roadx;11553;44;13;0.38;29.55;0.11;11509;31
babyliss;11492;361;164;3.14;45.43;1.43;11131;197
continental;11358;164;59;1.44;35.98;0.52;11194;105
belecoo;11167;83;40;0.74;48.19;0.36;11084;43
versace;11130;173;90;1.55;52.02;0.81;10957;83
lorelli;11020;71;33;0.64;46.48;0.3;10949;38
phoenix;10965;328;93;2.99;28.35;0.85;10637;235
montale;10949;202;115;1.84;56.93;1.05;10747;87
dell;10846;71;22;0.65;30.99;0.2;10775;49
msi;10837;34;5;0.31;14.71;0.05;10803;29
nexen;10730;53;21;0.49;39.62;0.2;10677;32
fly;10728;165;72;1.54;43.64;0.67;10563;93
puma;10718;0;0;0.0;;0.0;10718;0
shivaki;10707;84;35;0.78;41.67;0.33;10623;49
pandora;10457;50;25;0.48;50.0;0.24;10407;25
wonlex;10448;148;62;1.42;41.89;0.59;10300;86
burgerschuhe;10356;0;0;0.0;;0.0;10356;0
powertrac;10243;45;13;0.44;28.89;0.13;10198;32
rals;10120;0;0;0.0;;0.0;10120;0
tigar;10073;82;30;0.81;36.59;0.3;9991;52
transcend;10020;667;275;6.66;41.23;2.74;9353;392
incanto;9938;179;93;1.8;51.96;0.94;9759;86
kolner;9933;2;1;0.02;50.0;0.01;9931;1
rooman;9856;0;0;0.0;;0.0;9856;0
magnetta;9843;34;11;0.35;32.35;0.11;9809;23
tomfarr;9838;0;0;0.0;;0.0;9838;0
nika;9835;16;8;0.16;50.0;0.08;9819;8
irbis;9574;26;11;0.27;42.31;0.11;9548;15
total;9571;269;85;2.81;31.6;0.89;9302;184
merelani;9502;0;0;0.0;;0.0;9502;0
gigabyte;9318;47;10;0.5;21.28;0.11;9271;37
almacom;9314;37;18;0.4;48.65;0.19;9277;19
bars;9266;0;0;0.0;;0.0;9266;0
thomas;9221;298;125;3.23;41.95;1.36;8923;173
etor;9132;0;0;0.0;;0.0;9132;0
hankook;9130;0;0;0.0;;0.0;9130;0
pride;9054;0;0;0.0;;0.0;9054;0
x-game;8999;105;36;1.17;34.29;0.4;8894;69
ikea;8998;0;0;0.0;;0.0;8998;0
netechnics;8859;0;0;0.0;;0.0;8859;0
lanvin;8831;100;52;1.13;52.0;0.59;8731;48
tissot;8766;0;0;0.0;;0.0;8766;0
inoi;8764;150;64;1.71;42.67;0.73;8614;86
efremov;8682;0;0;0.0;;0.0;8682;0
orient;8677;0;0;0.0;;0.0;8677;0
bestway;8615;21;7;0.24;33.33;0.08;8594;14
comforser;8305;0;0;0.0;;0.0;8305;0
asics;8302;0;0;0.0;;0.0;8302;0
microsoft;8267;162;67;1.96;41.36;0.81;8105;95
polini;8257;29;15;0.35;51.72;0.18;8228;14
edge;8232;1;0;0.01;0.0;0.0;8231;1
toshiba;8215;102;43;1.24;42.16;0.52;8113;59
trollbeads;8147;0;0;0.0;;0.0;8147;0
willmark;8130;52;18;0.64;34.62;0.22;8078;34
arnica;8105;0;0;0.0;;0.0;8105;0
intel;8066;34;11;0.42;32.35;0.14;8032;23
granhel;7981;0;0;0.0;;0.0;7981;0
dior;7948;45;27;0.57;60.0;0.34;7903;18
hertz;7921;0;0;0.0;;0.0;7921;0
dji;7817;12;3;0.15;25.0;0.04;7805;9
housefit;7724;6;1;0.08;16.67;0.01;7718;5
fila;7690;0;0;0.0;;0.0;7690;0
stendmebel;7690;0;0;0.0;;0.0;7690;0
toyo;7669;29;16;0.38;55.17;0.21;7640;13
dyson;7665;116;43;1.51;37.07;0.56;7549;73
horizont;7592;87;33;1.15;37.93;0.43;7505;54
chanel;7573;0;0;0.0;;0.0;7573;0
ballu;7573;43;17;0.57;39.53;0.22;7530;26
asel;7491;0;0;0.0;;0.0;7491;0
askona;7489;0;0;0.0;;0.0;7489;0
hoco;7477;192;75;2.57;39.06;1.0;7285;117
nikon;7471;203;89;2.72;43.84;1.19;7268;114
escan;7456;0;0;0.0;;0.0;7456;0
navitel;7403;126;51;1.7;40.48;0.69;7277;75
caramelia;7382;75;27;1.02;36.0;0.37;7307;48
shagovita;7358;0;0;0.0;;0.0;7358;0
microlab;7304;242;128;3.31;52.89;1.75;7062;114
racer;7180;0;0;0.0;;0.0;7180;0
joie;7124;119;73;1.67;61.34;1.02;7005;46
berghoff;7056;101;36;1.43;35.64;0.51;6955;65
startul;7054;0;0;0.0;;0.0;7054;0
acme;6998;5;1;0.07;20.0;0.01;6993;4
aerocool;6956;88;43;1.27;48.86;0.62;6868;45
wingoffly;6947;105;57;1.51;54.29;0.82;6842;48
changhong;6922;182;98;2.63;53.85;1.42;6740;84
marcomen;6896;0;0;0.0;;0.0;6896;0
artmusical;6836;0;0;0.0;;0.0;6836;0
welly;6792;0;0;0.0;;0.0;6792;0
doogee;6791;59;26;0.87;44.07;0.38;6732;33
chayka;6756;314;174;4.65;55.41;2.58;6442;140
bene;6724;5;1;0.07;20.0;0.01;6719;4
perilla;6718;408;217;6.07;53.19;3.23;6310;191
ea;6715;907;422;13.51;46.53;6.28;5808;485
bfgoodrich;6690;94;41;1.41;43.62;0.61;6596;53
partner;6678;0;0;0.0;;0.0;6678;0
eurolux;6678;284;124;4.25;43.66;1.86;6394;160
jaguar;6662;145;59;2.18;40.69;0.89;6517;86
hasbro;6628;35;8;0.53;22.86;0.12;6593;27
swat;6628;0;0;0.0;;0.0;6628;0
hubert;6621;301;143;4.55;47.51;2.16;6320;158
thule;6606;48;17;0.73;35.42;0.26;6558;31
google;6587;0;0;0.0;;0.0;6587;0
alphard;6580;0;0;0.0;;0.0;6580;0
dion;6562;0;0;0.0;;0.0;6562;0
flama;6557;102;37;1.56;36.27;0.56;6455;65
mart;6547;141;51;2.15;36.17;0.78;6406;90
trust;6450;74;22;1.15;29.73;0.34;6376;52
goodride;6423;3;2;0.05;66.67;0.03;6420;1
cortland;6411;286;108;4.46;37.76;1.68;6125;178
dwt;6389;40;23;0.63;57.5;0.36;6349;17
roadstone;6285;0;0;0.0;;0.0;6285;0
weekend;6278;0;0;0.0;;0.0;6278;0
hyperx;6213;176;83;2.83;47.16;1.34;6037;93
creed;6213;78;41;1.26;52.56;0.66;6135;37
axis;6195;0;0;0.0;;0.0;6195;0
timberk;6078;15;9;0.25;60.0;0.15;6063;6
dxracer;6056;75;25;1.24;33.33;0.41;5981;50
tarkett;6054;0;0;0.0;;0.0;6054;0
aimoto;6035;159;84;2.63;52.83;1.39;5876;75
elysium;6017;0;0;0.0;;0.0;6017;0
dunlop;6005;8;4;0.13;50.0;0.07;5997;4
denzel;5936;0;0;0.0;;0.0;5936;0
apacer;5936;2;0;0.03;0.0;0.0;5934;2
hifly;5901;0;0;0.0;;0.0;5901;0
rastar;5880;126;33;2.14;26.19;0.56;5754;93
persona;5815;0;0;0.0;;0.0;5815;0
laston;5813;0;0;0.0;;0.0;5813;0
cover;5780;0;0;0.0;;0.0;5780;0
plantronics;5779;243;107;4.2;44.03;1.85;5536;136
palit;5735;138;53;2.41;38.41;0.92;5597;85
tomahawk;5695;0;0;0.0;;0.0;5695;0
fender;5692;71;24;1.25;33.8;0.42;5621;47
gipfel;5664;0;0;0.0;;0.0;5664;0
agl;5586;0;0;0.0;;0.0;5586;0
hyundai;5570;30;17;0.54;56.67;0.31;5540;13
logitech;5570;156;62;2.8;39.74;1.11;5414;94
domini;5497;0;0;0.0;;0.0;5497;0
smile;5466;3;2;0.05;66.67;0.04;5463;1
llorens;5407;76;19;1.41;25.0;0.35;5331;57
tamaris;5353;0;0;0.0;;0.0;5353;0
alesis;5349;0;0;0.0;;0.0;5349;0
kartal;5345;0;0;0.0;;0.0;5345;0
rial;5295;0;0;0.0;;0.0;5295;0
imperia;5260;0;0;0.0;;0.0;5260;0
king;5247;136;65;2.59;47.79;1.24;5111;71
sava;5220;3;1;0.06;33.33;0.02;5217;2
marshall;5208;95;41;1.82;43.16;0.79;5113;54
darina;5207;130;51;2.5;39.23;0.98;5077;79
stihl;5184;0;0;0.0;;0.0;5184;0
swisshome;5153;0;0;0.0;;0.0;5153;0
sparta;5136;0;0;0.0;;0.0;5136;0
olmio;5118;3;1;0.06;33.33;0.02;5115;2
armani;5101;0;0;0.0;;0.0;5101;0
erlit;5086;0;0;0.0;;0.0;5086;0
karat;5083;0;0;0.0;;0.0;5083;0
pocketbook;5057;210;101;4.15;48.1;2.0;4847;109
zte;5057;136;60;2.69;44.12;1.19;4921;76
gislaved;5033;171;76;3.4;44.44;1.51;4862;95
jet;5012;157;57;3.13;36.31;1.14;4855;100
babytime;5009;48;21;0.96;43.75;0.42;4961;27
balta;4992;0;0;0.0;;0.0;4992;0
torrent;4969;56;11;1.13;19.64;0.22;4913;45
nintendo;4969;89;28;1.79;31.46;0.56;4880;61
hotpoint-ariston;4952;36;17;0.73;47.22;0.34;4916;19
komfort-s;4931;0;0;0.0;;0.0;4931;0
habilead;4912;0;0;0.0;;0.0;4912;0
arua;4897;0;0;0.0;;0.0;4897;0
clatronic;4847;22;4;0.45;18.18;0.08;4825;18
epr;4822;0;0;0.0;;0.0;4822;0
kukmara;4819;105;60;2.18;57.14;1.25;4714;45
febest;4797;0;0;0.0;;0.0;4797;0
yema;4790;0;0;0.0;;0.0;4790;0
a-case;4777;16;3;0.33;18.75;0.06;4761;13
atlantic;4763;0;0;0.0;;0.0;4763;0
moldabela;4752;0;0;0.0;;0.0;4752;0
usams;4744;1;0;0.02;0.0;0.0;4743;1
alis;4722;45;14;0.95;31.11;0.3;4677;31
onlitop;4721;0;0;0.0;;0.0;4721;0
unit;4705;8;1;0.17;12.5;0.02;4697;7
shell;4695;5;0;0.11;0.0;0.0;4690;5
navien;4689;116;71;2.47;61.21;1.51;4573;45
bruder;4688;0;0;0.0;;0.0;4688;0
playme;4674;59;22;1.26;37.29;0.47;4615;37
huggies;4664;0;0;0.0;;0.0;4664;0
aqua;4640;180;86;3.88;47.78;1.85;4460;94
metabo;4628;0;0;0.0;;0.0;4628;0
mltl;4608;0;0;0.0;;0.0;4608;0
jinga;4560;133;44;2.92;33.08;0.96;4427;89
varta;4558;1;0;0.02;0.0;0.0;4557;1
maxvi;4511;4;1;0.09;25.0;0.02;4507;3
gopro;4482;121;55;2.7;45.45;1.23;4361;66
bergner;4466;1;0;0.02;0.0;0.0;4465;1
adil;4442;32;13;0.72;40.63;0.29;4410;19
p.i.t.;4427;0;0;0.0;;0.0;4427;0
deluxe;4390;30;14;0.68;46.67;0.32;4360;16
confetti;4362;0;0;0.0;;0.0;4362;0
kormoran;4355;16;7;0.37;43.75;0.16;4339;9
pituso;4353;36;23;0.83;63.89;0.53;4317;13
cenmax;4342;112;51;2.58;45.54;1.17;4230;61
mobil;4334;0;0;0.0;;0.0;4334;0
giant;4332;6;1;0.14;16.67;0.02;4326;5
disney;4319;0;0;0.0;;0.0;4319;0
harley-davidson;4306;0;0;0.0;;0.0;4306;0
axper;4304;0;0;0.0;;0.0;4304;0
tristar;4290;21;7;0.49;33.33;0.16;4269;14
nakamichi;4279;13;7;0.3;53.85;0.16;4266;6
thermex;4253;159;76;3.74;47.8;1.79;4094;83
anytek;4248;0;0;0.0;;0.0;4248;0
phantom;4245;0;0;0.0;;0.0;4245;0
pozis;4244;60;27;1.41;45.0;0.64;4184;33
crockid;4231;0;0;0.0;;0.0;4231;0
jonnesway;4229;0;0;0.0;;0.0;4229;0
avalon;4227;16;5;0.38;31.25;0.12;4211;11
aquamarine;4226;0;0;0.0;;0.0;4226;0
carlsbad;4211;0;0;0.0;;0.0;4211;0
coolfort;4192;28;8;0.67;28.57;0.19;4164;20
diamant;4181;0;0;0.0;;0.0;4181;0
edufun;4181;82;32;1.96;39.02;0.77;4099;50
amd;4163;18;5;0.43;27.78;0.12;4145;13
bertoni;4129;16;10;0.39;62.5;0.24;4113;6
parkmaster;4128;0;0;0.0;;0.0;4128;0
asrock;4120;35;13;0.85;37.14;0.32;4085;22
wera;4104;0;0;0.0;;0.0;4104;0
teosa;4083;0;0;0.0;;0.0;4083;0
delux;4051;91;28;2.25;30.77;0.69;3960;63
gf;4049;3;2;0.07;66.67;0.05;4046;1
genesis;4036;25;8;0.62;32.0;0.2;4011;17
pablosky;4028;0;0;0.0;;0.0;4028;0
nitro;3999;0;0;0.0;;0.0;3999;0
zlatek;3993;112;38;2.8;33.93;0.95;3881;74
caprice;3989;0;0;0.0;;0.0;3989;0
petek;3949;0;0;0.0;;0.0;3949;0
rivertoys;3943;0;0;0.0;;0.0;3943;0
kugoo;3932;23;14;0.58;60.87;0.36;3909;9
turbo;3931;107;54;2.72;50.47;1.37;3824;53
dometic;3930;0;0;0.0;;0.0;3930;0
toyota;3922;6;4;0.15;66.67;0.1;3916;2
picard;3915;0;0;0.0;;0.0;3915;0
cybex;3904;13;8;0.33;61.54;0.2;3891;5
broomer;3875;0;0;0.0;;0.0;3875;0
t-max;3859;0;0;0.0;;0.0;3859;0
mebelson;3827;0;0;0.0;;0.0;3827;0
kitchenaid;3809;6;1;0.16;16.67;0.03;3803;5
remax;3804;73;32;1.92;43.84;0.84;3731;41
mystery;3781;0;0;0.0;;0.0;3781;0
noppies;3779;0;0;0.0;;0.0;3779;0
neo;3750;0;0;0.0;;0.0;3750;0
bambola;3694;17;11;0.46;64.71;0.3;3677;6
maxtrek;3688;0;0;0.0;;0.0;3688;0
sonel;3667;0;0;0.0;;0.0;3667;0
rebus;3667;7;2;0.19;28.57;0.05;3660;5
boccia;3663;0;0;0.0;;0.0;3663;0
agness;3629;0;0;0.0;;0.0;3629;0
pupa;3617;0;0;0.0;;0.0;3617;0
deepcool;3608;37;15;1.03;40.54;0.42;3571;22
maomaoku;3600;3;1;0.08;33.33;0.03;3597;2
carters;3591;0;0;0.0;;0.0;3591;0
toro;3555;89;31;2.5;34.83;0.87;3466;58
radaway;3546;39;6;1.1;15.38;0.17;3507;33
rant;3511;68;26;1.94;38.24;0.74;3443;42
fubag;3509;0;0;0.0;;0.0;3509;0
brother;3504;94;46;2.68;48.94;1.31;3410;48
moschino;3486;51;29;1.46;56.86;0.83;3435;22
garvalin;3485;0;0;0.0;;0.0;3485;0
pasabahce;3456;44;20;1.27;45.45;0.58;3412;24
smart;3436;11;1;0.32;9.09;0.03;3425;10
gucci;3412;4;1;0.12;25.0;0.03;3408;3
roncato;3405;0;0;0.0;;0.0;3405;0
farroad;3358;3;2;0.09;66.67;0.06;3355;1
syma;3355;0;0;0.0;;0.0;3355;0
fujifilm;3349;0;0;0.0;;0.0;3349;0
fabretti;3344;0;0;0.0;;0.0;3344;0
sailun;3307;0;0;0.0;;0.0;3307;0
crosby;3286;0;0;0.0;;0.0;3286;0
masei;3273;0;0;0.0;;0.0;3273;0
geil;3250;25;6;0.77;24.0;0.18;3225;19
centurion;3249;17;10;0.52;58.82;0.31;3232;7
bravo;3200;0;0;0.0;;0.0;3200;0
continent;3195;28;11;0.88;39.29;0.34;3167;17
alcasta;3191;0;0;0.0;;0.0;3191;0
gulliver;3190;0;0;0.0;;0.0;3190;0
selby;3182;99;41;3.11;41.41;1.29;3083;58
shimano;3175;0;0;0.0;;0.0;3175;0
givenchy;3171;8;5;0.25;62.5;0.16;3163;3
whirlpool;3148;16;3;0.51;18.75;0.1;3132;13
genau;3135;0;0;0.0;;0.0;3135;0
kingtul;3129;0;0;0.0;;0.0;3129;0
prologic;3127;5;3;0.16;60.0;0.1;3122;2
bestoy;3094;0;0;0.0;;0.0;3094;0
akom;3082;0;0;0.0;;0.0;3082;0
casper;3054;0;0;0.0;;0.0;3054;0
longines;3051;0;0;0.0;;0.0;3051;0
ryobi;3043;3;1;0.1;33.33;0.03;3040;2
decoroom;3024;25;7;0.83;28.0;0.23;2999;18
apollo;3018;72;36;2.39;50.0;1.19;2946;36
vinzer;3011;11;7;0.37;63.64;0.23;3000;4
ergo;3001;31;12;1.03;38.71;0.4;2970;19
bardahl;2985;0;0;0.0;;0.0;2985;0
ostamebel;2976;0;0;0.0;;0.0;2976;0
thermaltake;2972;13;3;0.44;23.08;0.1;2959;10
fossil;2959;0;0;0.0;;0.0;2959;0
boyscout;2931;8;0;0.27;0.0;0.0;2923;8
alpina;2926;0;0;0.0;;0.0;2926;0
razer;2919;30;14;1.03;46.67;0.48;2889;16
awei;2905;59;24;2.03;40.68;0.83;2846;35
turboair;2895;106;42;3.66;39.62;1.45;2789;64
mutant;2893;0;0;0.0;;0.0;2893;0
stayer;2877;0;0;0.0;;0.0;2877;0
yato;2805;0;0;0.0;;0.0;2805;0
avatar;2795;0;0;0.0;;0.0;2795;0
marshal;2794;0;0;0.0;;0.0;2794;0
blaupunkt;2792;150;57;5.37;38.0;2.04;2642;93
mattel;2781;29;5;1.04;17.24;0.18;2752;24
infinity;2771;0;0;0.0;;0.0;2771;0
seagate;2760;40;22;1.45;55.0;0.8;2720;18
ivt;2727;0;0;0.0;;0.0;2727;0
imx;2720;0;0;0.0;;0.0;2720;0
mercury;2709;0;0;0.0;;0.0;2709;0
stagg;2692;0;0;0.0;;0.0;2692;0
autoprofi;2687;0;0;0.0;;0.0;2687;0
lacoste;2686;60;32;2.23;53.33;1.19;2626;28
garrett;2676;0;0;0.0;;0.0;2676;0
volta;2675;20;8;0.75;40.0;0.3;2655;12
mykronoz;2668;9;5;0.34;55.56;0.19;2659;4
hitachi;2621;7;4;0.27;57.14;0.15;2614;3
romanson;2621;0;0;0.0;;0.0;2621;0
ovation;2615;0;0;0.0;;0.0;2615;0
nutrilon;2610;0;0;0.0;;0.0;2610;0
dermacol;2604;0;0;0.0;;0.0;2604;0
tecno;2592;0;0;0.0;;0.0;2592;0
veho;2585;0;0;0.0;;0.0;2585;0
irobot;2585;0;0;0.0;;0.0;2585;0
coballe;2577;0;0;0.0;;0.0;2577;0
grohe;2575;5;1;0.19;20.0;0.04;2570;4
bohemia;2564;0;0;0.0;;0.0;2564;0
delmax;2563;16;6;0.62;37.5;0.23;2547;10
gross;2562;0;0;0.0;;0.0;2562;0
htc;2561;27;10;1.05;37.04;0.39;2534;17
nillkin;2554;0;0;0.0;;0.0;2554;0
oral-b;2547;86;30;3.38;34.88;1.18;2461;56
rinnai;2543;58;24;2.28;41.38;0.94;2485;34
hausmann;2537;0;0;0.0;;0.0;2537;0
erkaplan;2537;0;0;0.0;;0.0;2537;0
edon;2527;0;0;0.0;;0.0;2527;0
steelseries;2517;54;24;2.15;44.44;0.95;2463;30
intego;2514;0;0;0.0;;0.0;2514;0
millionaire;2511;0;0;0.0;;0.0;2511;0
akvaton;2508;0;0;0.0;;0.0;2508;0
cersanit;2503;0;0;0.0;;0.0;2503;0
kurzweil;2501;29;6;1.16;20.69;0.24;2472;23
gosh;2497;0;0;0.0;;0.0;2497;0
sulu;2487;0;0;0.0;;0.0;2487;0
hygge;2485;0;0;0.0;;0.0;2485;0
svc;2483;53;21;2.13;39.62;0.85;2430;32
hisense;2472;98;39;3.96;39.8;1.58;2374;59
audison;2467;0;0;0.0;;0.0;2467;0
jade;2467;0;0;0.0;;0.0;2467;0
bulgari;2451;8;4;0.33;50.0;0.16;2443;4
tesoro;2450;0;0;0.0;;0.0;2450;0
beats;2449;29;10;1.18;34.48;0.41;2420;19
barbie;2440;19;4;0.78;21.05;0.16;2421;15
rado;2428;0;0;0.0;;0.0;2428;0
bose;2426;12;5;0.49;41.67;0.21;2414;7
bovidix;2425;0;0;0.0;;0.0;2425;0
greta;2408;15;10;0.62;66.67;0.42;2393;5
rapid;2398;31;11;1.29;35.48;0.46;2367;20
conceptclub;2389;0;0;0.0;;0.0;2389;0
ezetil;2371;0;0;0.0;;0.0;2371;0
voltman;2368;0;0;0.0;;0.0;2368;0
lorelli-bertoni;2367;8;2;0.34;25.0;0.08;2359;6
levenhuk;2349;0;0;0.0;;0.0;2349;0
gezatone;2344;0;0;0.0;;0.0;2344;0
bernina;2342;29;14;1.24;48.28;0.6;2313;15
verloni;2335;14;2;0.6;14.29;0.09;2321;12
ubisoft;2329;37;11;1.59;29.73;0.47;2292;26
powerplant;2327;39;13;1.68;33.33;0.56;2288;26
sega;2318;0;0;0.0;;0.0;2318;0
cablexpert;2310;1;1;0.04;100.0;0.04;2309;0
romana;2303;0;0;0.0;;0.0;2303;0
aeg;2292;3;1;0.13;33.33;0.04;2289;2
veston;2291;0;0;0.0;;0.0;2291;0
redragon;2287;24;12;1.05;50.0;0.52;2263;12
blackberry;2271;0;0;0.0;;0.0;2271;0
nitto;2267;4;2;0.18;50.0;0.09;2263;2
forcekraft;2261;0;0;0.0;;0.0;2261;0
sumdex;2250;27;11;1.2;40.74;0.49;2223;16
wellberg;2246;0;0;0.0;;0.0;2246;0
m-audio;2246;0;0;0.0;;0.0;2246;0
ava;2236;0;0;0.0;;0.0;2236;0
muqajankz;2210;0;0;0.0;;0.0;2210;0
iwalk;2206;0;0;0.0;;0.0;2206;0
flight;2205;0;0;0.0;;0.0;2205;0
ombra;2202;0;0;0.0;;0.0;2202;0
roland;2198;0;0;0.0;;0.0;2198;0
rimax;2192;0;0;0.0;;0.0;2192;0
koopman;2183;0;0;0.0;;0.0;2183;0
belashoff;2166;0;0;0.0;;0.0;2166;0
spur;2156;0;0;0.0;;0.0;2156;0
sjcam;2148;46;12;2.14;26.09;0.56;2102;34
inhouse;2148;9;4;0.42;44.44;0.19;2139;5
teploross;2140;57;25;2.66;43.86;1.17;2083;32
nexttab;2139;11;3;0.51;27.27;0.14;2128;8
missha;2138;0;0;0.0;;0.0;2138;0
triton;2131;0;0;0.0;;0.0;2131;0
maxler;2122;0;0;0.0;;0.0;2122;0
smashbox;2122;0;0;0.0;;0.0;2122;0
hiper;2112;0;0;0.0;;0.0;2112;0
gazpromneft;2104;0;0;0.0;;0.0;2104;0
carver;2097;0;0;0.0;;0.0;2097;0
leadbros;2090;0;0;0.0;;0.0;2090;0
winca;2078;0;0;0.0;;0.0;2078;0
xerox;2070;1;0;0.05;0.0;0.0;2069;1
joyroad;2070;0;0;0.0;;0.0;2070;0
aoc;2061;33;12;1.6;36.36;0.58;2028;21
bork;2054;0;0;0.0;;0.0;2054;0
doohan;2035;0;0;0.0;;0.0;2035;0
babyzen;2035;0;0;0.0;;0.0;2035;0
helvetia;2022;0;0;0.0;;0.0;2022;0
bosher;2017;0;0;0.0;;0.0;2017;0
jura;2015;4;1;0.2;25.0;0.05;2011;3
amazon;2014;0;0;0.0;;0.0;2014;0
peterhof;2005;0;0;0.0;;0.0;2005;0
cort;2003;1;0;0.05;0.0;0.0;2002;1
nikotex;2002;0;0;0.0;;0.0;2002;0
plitex;1999;9;4;0.45;44.44;0.2;1990;5
d-link;1984;45;19;2.27;42.22;0.96;1939;26
mirage;1970;6;3;0.3;50.0;0.15;1964;3
rombica;1964;50;18;2.55;36.0;0.92;1914;32
oursson;1957;0;0;0.0;;0.0;1957;0
vichy;1956;0;0;0.0;;0.0;1956;0
scovo;1950;0;0;0.0;;0.0;1950;0
castrol;1949;0;0;0.0;;0.0;1949;0
element;1945;0;0;0.0;;0.0;1945;0
umi;1940;41;16;2.11;39.02;0.82;1899;25
cavaletto;1937;0;0;0.0;;0.0;1937;0
aero;1937;0;0;0.0;;0.0;1937;0
hoover;1934;62;33;3.21;53.23;1.71;1872;29
barneo;1932;0;0;0.0;;0.0;1932;0
wacom;1927;65;30;3.37;46.15;1.56;1862;35
ersport;1926;0;0;0.0;;0.0;1926;0
olto;1924;12;5;0.62;41.67;0.26;1912;7
kelli;1922;0;0;0.0;;0.0;1922;0
einhell;1922;0;0;0.0;;0.0;1922;0
crucial;1919;4;0;0.21;0.0;0.0;1915;4
ansmann;1917;0;0;0.0;;0.0;1917;0
qmax;1906;0;0;0.0;;0.0;1906;0
elizavecca;1897;0;0;0.0;;0.0;1897;0
gionee;1897;1;1;0.05;100.0;0.05;1896;0
alvitek;1895;0;0;0.0;;0.0;1895;0
adamex;1891;1;1;0.05;100.0;0.05;1890;0
wallberry;1890;0;0;0.0;;0.0;1890;0
cartier;1878;0;0;0.0;;0.0;1878;0
peavey;1877;0;0;0.0;;0.0;1877;0
remonte;1876;0;0;0.0;;0.0;1876;0
kumho;1872;0;0;0.0;;0.0;1872;0
zelmer;1871;2;1;0.11;50.0;0.05;1869;1
unilux;1862;0;0;0.0;;0.0;1862;0
aoteli;1858;0;0;0.0;;0.0;1858;0
alligator;1855;0;0;0.0;;0.0;1855;0
peg-perego;1851;36;26;1.94;72.22;1.4;1815;10
shure;1849;0;0;0.0;;0.0;1849;0
dam;1848;2;0;0.11;0.0;0.0;1846;2
fisher-price;1848;22;10;1.19;45.45;0.54;1826;12
gigawatt;1845;51;18;2.76;35.29;0.98;1794;33
adata;1819;61;21;3.35;34.43;1.15;1758;40
first;1816;2;0;0.11;0.0;0.0;1814;2
grillver;1811;0;0;0.0;;0.0;1811;0
focal;1803;0;0;0.0;;0.0;1803;0
ecocool;1780;45;23;2.53;51.11;1.29;1735;22
bauer;1776;0;0;0.0;;0.0;1776;0
denn;1775;51;19;2.87;37.25;1.07;1724;32
kolibri;1772;0;0;0.0;;0.0;1772;0
peak;1769;0;0;0.0;;0.0;1769;0
hb;1768;0;0;0.0;;0.0;1768;0
subini;1768;0;0;0.0;;0.0;1768;0
gamma;1765;0;0;0.0;;0.0;1765;0
aivengo;1763;0;0;0.0;;0.0;1763;0
rush;1762;0;0;0.0;;0.0;1762;0
x-level;1760;4;2;0.23;50.0;0.11;1756;2
kronospan;1758;0;0;0.0;;0.0;1758;0
okuma;1752;2;2;0.11;100.0;0.11;1750;0
orange;1751;22;4;1.26;18.18;0.23;1729;18
grape;1749;0;0;0.0;;0.0;1749;0
delsey;1745;11;3;0.63;27.27;0.17;1734;8
nan;1740;0;0;0.0;;0.0;1740;0
machaon;1737;0;0;0.0;;0.0;1737;0
gkhair;1736;0;0;0.0;;0.0;1736;0
maunfeld;1735;0;0;0.0;;0.0;1735;0
genius;1735;20;9;1.15;45.0;0.52;1715;11
kenzo;1728;0;0;0.0;;0.0;1728;0
huion;1721;62;24;3.6;38.71;1.39;1659;38
montblanc;1716;1;0;0.06;0.0;0.0;1715;1
coleman;1716;0;0;0.0;;0.0;1716;0
bourjois;1712;0;0;0.0;;0.0;1712;0
keenway;1703;0;0;0.0;;0.0;1703;0
alutec;1698;0;0;0.0;;0.0;1698;0
titan;1697;0;0;0.0;;0.0;1697;0
elikor;1683;1;1;0.06;100.0;0.06;1682;0
norfin;1675;0;0;0.0;;0.0;1675;0
legre;1659;0;0;0.0;;0.0;1659;0
leem;1658;0;0;0.0;;0.0;1658;0
riga;1653;0;0;0.0;;0.0;1653;0
lumme;1652;0;0;0.0;;0.0;1652;0
forward;1651;0;0;0.0;;0.0;1651;0
ecotex;1650;0;0;0.0;;0.0;1650;0
welss;1649;10;7;0.61;70.0;0.42;1639;3
activision;1643;18;4;1.1;22.22;0.24;1625;14
tuka;1641;0;0;0.0;;0.0;1641;0
yacco;1630;0;0;0.0;;0.0;1630;0
morel;1627;0;0;0.0;;0.0;1627;0
mima;1626;0;0;0.0;;0.0;1626;0
galanz;1621;0;0;0.0;;0.0;1621;0
milwaukee;1615;0;0;0.0;;0.0;1615;0
native;1603;0;0;0.0;;0.0;1603;0
chameleon;1599;0;0;0.0;;0.0;1599;0
remain;1592;0;0;0.0;;0.0;1592;0
mazzini;1591;0;0;0.0;;0.0;1591;0
fitlux;1588;0;0;0.0;;0.0;1588;0
kristal;1583;7;0;0.44;0.0;0.0;1576;7
emsa;1574;21;12;1.33;57.14;0.76;1553;9
dkny;1572;0;0;0.0;;0.0;1572;0
bumbleride;1565;0;0;0.0;;0.0;1565;0
arena;1565;0;0;0.0;;0.0;1565;0
sly;1565;0;0;0.0;;0.0;1565;0
babybotte;1549;0;0;0.0;;0.0;1549;0
bsn;1548;0;0;0.0;;0.0;1548;0
rapoo;1525;19;5;1.25;26.32;0.33;1506;14
fitbit;1525;0;0;0.0;;0.0;1525;0
berkut;1523;0;0;0.0;;0.0;1523;0
snowcap;1515;2;0;0.13;0.0;0.0;1513;2
handwers;1513;0;0;0.0;;0.0;1513;0
diesel;1510;0;0;0.0;;0.0;1510;0
rockforce;1503;0;0;0.0;;0.0;1503;0
nestogen;1497;0;0;0.0;;0.0;1497;0
uno;1497;25;8;1.67;32.0;0.53;1472;17
pampers;1495;0;0;0.0;;0.0;1495;0
shiseido;1492;0;0;0.0;;0.0;1492;0
longway;1491;0;0;0.0;;0.0;1491;0
mebelswow-rn;1490;0;0;0.0;;0.0;1490;0
stolplit;1486;0;0;0.0;;0.0;1486;0
tuffoni;1484;0;0;0.0;;0.0;1484;0
naturehike;1480;0;0;0.0;;0.0;1480;0
clarion;1478;0;0;0.0;;0.0;1478;0
adile;1478;0;0;0.0;;0.0;1478;0
anex;1477;5;2;0.34;40.0;0.14;1472;3
alkor;1474;0;0;0.0;;0.0;1474;0
klima;1464;33;14;2.25;42.42;0.96;1431;19
santeri;1456;6;4;0.41;66.67;0.27;1450;2
guerlain;1455;0;0;0.0;;0.0;1455;0
fisher;1446;0;0;0.0;;0.0;1446;0
obi;1441;0;0;0.0;;0.0;1441;0
covani;1438;0;0;0.0;;0.0;1438;0
kx;1436;0;0;0.0;;0.0;1436;0
bioderma;1435;0;0;0.0;;0.0;1435;0
technomax;1434;0;0;0.0;;0.0;1434;0
vestel;1431;0;0;0.0;;0.0;1431;0
renova;1426;0;0;0.0;;0.0;1426;0
ams;1425;0;0;0.0;;0.0;1425;0
solomon;1418;0;0;0.0;;0.0;1418;0
appollo;1416;0;0;0.0;;0.0;1416;0
tech-line;1413;0;0;0.0;;0.0;1413;0
aplus;1412;0;0;0.0;;0.0;1412;0
dayun;1411;0;0;0.0;;0.0;1411;0
bburago;1408;11;4;0.78;36.36;0.28;1397;7
electro-voice;1406;0;0;0.0;;0.0;1406;0
dirkje;1405;0;0;0.0;;0.0;1405;0
vladi;1396;0;0;0.0;;0.0;1396;0
seiko;1393;0;0;0.0;;0.0;1393;0
redbo;1384;0;0;0.0;;0.0;1384;0
pyrex;1383;33;13;2.39;39.39;0.94;1350;20
betsy;1381;0;0;0.0;;0.0;1381;0
lumene;1380;0;0;0.0;;0.0;1380;0
inspector;1377;15;6;1.09;40.0;0.44;1362;9
inkax;1373;0;0;0.0;;0.0;1373;0
gamemax;1368;19;8;1.39;42.11;0.58;1349;11
vihr;1363;64;32;4.7;50.0;2.35;1299;32
luxell;1362;0;0;0.0;;0.0;1362;0
sunwide;1358;2;0;0.15;0.0;0.0;1356;2
byintek;1352;3;0;0.22;0.0;0.0;1349;3
eltreco;1351;0;0;0.0;;0.0;1351;0
huanger;1344;0;0;0.0;;0.0;1344;0
sennheiser;1341;0;0;0.0;;0.0;1341;0
rosa;1341;0;0;0.0;;0.0;1341;0
nania;1336;3;1;0.22;33.33;0.07;1333;2
saferich;1329;0;0;0.0;;0.0;1329;0
jabra;1328;36;13;2.71;36.11;0.98;1292;23
rivacase;1325;18;8;1.36;44.44;0.6;1307;10
inglesina;1325;0;0;0.0;;0.0;1325;0
ferrino;1325;0;0;0.0;;0.0;1325;0
novline;1322;0;0;0.0;;0.0;1322;0
basik;1316;0;0;0.0;;0.0;1316;0
merries;1315;3;0;0.23;0.0;0.0;1312;3
certina;1315;0;0;0.0;;0.0;1315;0
otan;1312;0;0;0.0;;0.0;1312;0
huntkey;1310;20;9;1.53;45.0;0.69;1290;11
swatch;1309;0;0;0.0;;0.0;1309;0
bafang;1306;0;0;0.0;;0.0;1306;0
malushen;1304;0;0;0.0;;0.0;1304;0
domani-spa;1301;0;0;0.0;;0.0;1301;0
catunltd;1297;0;0;0.0;;0.0;1297;0
xing;1294;0;0;0.0;;0.0;1294;0
fenix;1291;0;0;0.0;;0.0;1291;0
leatherman;1276;0;0;0.0;;0.0;1276;0
mantra;1267;0;0;0.0;;0.0;1267;0
suave;1263;0;0;0.0;;0.0;1263;0
mitasu;1261;0;0;0.0;;0.0;1261;0
suunto;1260;0;0;0.0;;0.0;1260;0
greentek;1257;0;0;0.0;;0.0;1257;0
motul;1257;0;0;0.0;;0.0;1257;0
gerber;1255;0;0;0.0;;0.0;1255;0
s.a.n.;1255;0;0;0.0;;0.0;1255;0
adriatica;1255;0;0;0.0;;0.0;1255;0
zanussi;1252;12;3;0.96;25.0;0.24;1240;9
beyond;1252;3;0;0.24;0.0;0.0;1249;3
trinx;1251;0;0;0.0;;0.0;1251;0
yamato;1250;0;0;0.0;;0.0;1250;0
incar;1247;0;0;0.0;;0.0;1247;0
kabrita;1237;0;0;0.0;;0.0;1237;0
zeppelin;1236;0;0;0.0;;0.0;1236;0
segway;1232;8;0;0.65;0.0;0.0;1224;8
grow-with-me;1231;0;0;0.0;;0.0;1231;0
jetpik;1230;22;10;1.79;45.45;0.81;1208;12
peruzzo;1226;0;0;0.0;;0.0;1226;0
gree;1224;27;6;2.21;22.22;0.49;1197;21
demiray;1222;0;0;0.0;;0.0;1222;0
cnd;1221;34;9;2.78;26.47;0.74;1187;25
redford;1211;0;0;0.0;;0.0;1211;0
silva;1208;0;0;0.0;;0.0;1208;0
daewoo;1206;3;2;0.25;66.67;0.17;1203;1
steelflex;1205;0;0;0.0;;0.0;1205;0
motorola;1202;0;0;0.0;;0.0;1202;0
bbk;1198;14;7;1.17;50.0;0.58;1184;7
keddo;1197;0;0;0.0;;0.0;1197;0
master;1196;0;0;0.0;;0.0;1196;0
ausini;1195;13;1;1.09;7.69;0.08;1182;12
ga-de;1187;0;0;0.0;;0.0;1187;0
fujida;1182;0;0;0.0;;0.0;1182;0
mydean;1176;0;0;0.0;;0.0;1176;0
squier;1176;1;0;0.09;0.0;0.0;1175;1
smartrike;1174;1;1;0.09;100.0;0.09;1173;0
powertec;1164;0;0;0.0;;0.0;1164;0
audio-technica;1162;6;3;0.52;50.0;0.26;1156;3
stark;1161;4;0;0.34;0.0;0.0;1157;4
lorus;1161;0;0;0.0;;0.0;1161;0
luxvisage;1160;0;0;0.0;;0.0;1160;0
haro;1158;0;0;0.0;;0.0;1158;0
tognana;1152;0;0;0.0;;0.0;1152;0
wenge;1152;0;0;0.0;;0.0;1152;0
glamglow;1142;0;0;0.0;;0.0;1142;0
melitta;1138;0;0;0.0;;0.0;1138;0
lemark;1130;3;2;0.27;66.67;0.18;1127;1
scher-khan;1128;0;0;0.0;;0.0;1128;0
fiesta;1125;0;0;0.0;;0.0;1125;0
oris;1123;0;0;0.0;;0.0;1123;0
timson;1121;28;11;2.5;39.29;0.98;1093;17
kiturami;1121;0;0;0.0;;0.0;1121;0
yoya;1117;4;2;0.36;50.0;0.18;1113;2
kaiser;1117;0;0;0.0;;0.0;1117;0
terris;1116;0;0;0.0;;0.0;1116;0
purederm;1115;0;0;0.0;;0.0;1115;0
patriot;1111;0;0;0.0;;0.0;1111;0
nubia;1109;3;2;0.27;66.67;0.18;1106;1
edifier;1105;5;1;0.45;20.0;0.09;1100;4
acuvue;1102;0;0;0.0;;0.0;1102;0
scoole;1090;6;0;0.55;0.0;0.0;1084;6
ray-ban;1085;0;0;0.0;;0.0;1085;0
mutlu;1083;0;0;0.0;;0.0;1083;0
intro;1083;24;8;2.22;33.33;0.74;1059;16
collistar;1079;0;0;0.0;;0.0;1079;0
legeartis;1078;0;0;0.0;;0.0;1078;0
moliabal;1076;0;0;0.0;;0.0;1076;0
domyos;1074;64;30;5.96;46.88;2.79;1010;34
sanita;1071;0;0;0.0;;0.0;1071;0
thrustmaster;1066;6;3;0.56;50.0;0.28;1060;3
lidonet;1056;0;0;0.0;;0.0;1056;0
mercedes;1056;0;0;0.0;;0.0;1056;0
keter;1055;7;5;0.66;71.43;0.47;1048;2
stiga;1053;6;4;0.57;66.67;0.38;1047;2
powercolor;1048;0;0;0.0;;0.0;1048;0
jockey;1045;25;7;2.39;28.0;0.67;1020;18
erdenet;1045;0;0;0.0;;0.0;1045;0
besty;1040;0;0;0.0;;0.0;1040;0
murager;1033;0;0;0.0;;0.0;1033;0
motorguide;1031;0;0;0.0;;0.0;1031;0
aquapick;1031;19;7;1.84;36.84;0.68;1012;12
ilife;1026;0;0;0.0;;0.0;1026;0
marta;1023;7;2;0.68;28.57;0.2;1016;5
arsi;1022;0;0;0.0;;0.0;1022;0
akai;1019;0;0;0.0;;0.0;1019;0
troyka;1018;30;15;2.95;50.0;1.47;988;15
viking;1015;0;0;0.0;;0.0;1015;0
polar;1012;0;0;0.0;;0.0;1012;0
simba;1010;0;0;0.0;;0.0;1010;0
gewa;1010;6;1;0.59;16.67;0.1;1004;5
erisson;1010;0;0;0.0;;0.0;1010;0
mapex;1009;1;0;0.1;0.0;0.0;1008;1
pedrollo;1009;0;0;0.0;;0.0;1009;0
greenbike;1008;0;0;0.0;;0.0;1008;0
exide;1008;0;0;0.0;;0.0;1008;0
brateck;1008;47;18;4.66;38.3;1.79;961;29
ninebot;1004;9;0;0.9;0.0;0.0;995;9
coty;1001;0;0;0.0;;0.0;1001;0
destra;1000;0;0;0.0;;0.0;1000;0
nivea;997;0;0;0.0;;0.0;997;0
embryolisse;994;0;0;0.0;;0.0;994;0
fli;993;0;0;0.0;;0.0;993;0
cougar;992;1;0;0.1;0.0;0.0;991;1
cube;989;2;1;0.2;50.0;0.1;987;1
trussardi;986;0;0;0.0;;0.0;986;0
citizen;983;0;0;0.0;;0.0;983;0
baratto;983;0;0;0.0;;0.0;983;0
nasomatto;983;0;0;0.0;;0.0;983;0
blackvue;980;5;2;0.51;40.0;0.2;975;3
tutis;978;0;0;0.0;;0.0;978;0
id-cooling;977;11;2;1.13;18.18;0.2;966;9
novigo;977;1;0;0.1;0.0;0.0;976;1
chloe;975;6;4;0.62;66.67;0.41;969;2
zemex;974;4;2;0.41;50.0;0.21;970;2
nz;971;0;0;0.0;;0.0;971;0
olmeko;967;0;0;0.0;;0.0;967;0
kovroff;967;0;0;0.0;;0.0;967;0
gran-stone;965;0;0;0.0;;0.0;965;0
xxr;963;0;0;0.0;;0.0;963;0
goodloot;960;13;3;1.35;23.08;0.31;947;10
babykiss;960;0;0;0.0;;0.0;960;0
santek;960;0;0;0.0;;0.0;960;0
outwell;959;0;0;0.0;;0.0;959;0
alpicool;954;0;0;0.0;;0.0;954;0
maisto;952;0;0;0.0;;0.0;952;0
nutrex;950;2;2;0.21;100.0;0.21;948;0
tec;948;1;1;0.11;100.0;0.11;947;0
bethesda;946;8;5;0.85;62.5;0.53;938;3
trek;944;0;0;0.0;;0.0;944;0
joerex;936;0;0;0.0;;0.0;936;0
heyner;935;0;0;0.0;;0.0;935;0
xp-pen;931;12;5;1.29;41.67;0.54;919;7
vans;931;0;0;0.0;;0.0;931;0
portcase;930;39;13;4.19;33.33;1.4;891;26
prada;929;0;0;0.0;;0.0;929;0
dk;923;2;1;0.22;50.0;0.11;921;1
biotech;922;0;0;0.0;;0.0;922;0
garnier;920;0;0;0.0;;0.0;920;0
firman;918;0;0;0.0;;0.0;918;0
royal;918;0;0;0.0;;0.0;918;0
barokko;918;0;0;0.0;;0.0;918;0
calve;912;0;0;0.0;;0.0;912;0
biomecanics;912;0;0;0.0;;0.0;912;0
pdw;910;0;0;0.0;;0.0;910;0
optima;909;1;1;0.11;100.0;0.11;908;0
puckator;907;0;0;0.0;;0.0;907;0
eviza;907;0;0;0.0;;0.0;907;0
garanterm;905;8;0;0.88;0.0;0.0;897;8
firestone;904;1;0;0.11;0.0;0.0;903;1
elf;900;0;0;0.0;;0.0;900;0
travelite;899;0;0;0.0;;0.0;899;0
dub;899;0;0;0.0;;0.0;899;0
elna;887;14;8;1.58;57.14;0.9;873;6
ats;887;0;0;0.0;;0.0;887;0
deeper;883;0;0;0.0;;0.0;883;0
sapphire;883;0;0;0.0;;0.0;883;0
moser;881;0;0;0.0;;0.0;881;0
lancome;880;0;0;0.0;;0.0;880;0
admira;880;27;11;3.07;40.74;1.25;853;16
goform;878;0;0;0.0;;0.0;878;0
buderus;877;35;14;3.99;40.0;1.6;842;21
siger;873;15;1;1.72;6.67;0.11;858;14
mamadoma;872;0;0;0.0;;0.0;872;0
sandisk;871;7;1;0.8;14.29;0.11;864;6
bugati;869;1;0;0.12;0.0;0.0;868;1
boneco;867;0;0;0.0;;0.0;867;0
manfrotto;866;14;10;1.62;71.43;1.15;852;4
mz;865;0;0;0.0;;0.0;865;0
mio;863;1;0;0.12;0.0;0.0;862;1
kativa;863;0;0;0.0;;0.0;863;0
honda;863;0;0;0.0;;0.0;863;0
ladida;862;2;1;0.23;50.0;0.12;860;1
tundra;862;0;0;0.0;;0.0;862;0
nobby;857;11;1;1.28;9.09;0.12;846;10
origins;854;0;0;0.0;;0.0;854;0
genlog;850;0;0;0.0;;0.0;850;0
prology;844;0;0;0.0;;0.0;844;0
gimi;841;25;11;2.97;44.0;1.31;816;14
kettler;840;0;0;0.0;;0.0;840;0
walfix;839;1;0;0.12;0.0;0.0;838;1
konlega;837;0;0;0.0;;0.0;837;0
alcon;837;0;0;0.0;;0.0;837;0
next;836;0;0;0.0;;0.0;836;0
riviera;834;0;0;0.0;;0.0;834;0
sigma;834;0;0;0.0;;0.0;834;0
milat;831;0;0;0.0;;0.0;831;0
cellio;828;0;0;0.0;;0.0;828;0
zalman;825;0;0;0.0;;0.0;825;0
plano;825;0;0;0.0;;0.0;825;0
takamine;824;1;0;0.12;0.0;0.0;823;1
hilo;823;0;0;0.0;;0.0;823;0
wagner;821;0;0;0.0;;0.0;821;0
babylock;821;0;0;0.0;;0.0;821;0
helfer;820;0;0;0.0;;0.0;820;0
akpo;819;0;0;0.0;;0.0;819;0
tyrex;819;0;0;0.0;;0.0;819;0
scierra;811;0;0;0.0;;0.0;811;0
celestron;810;0;0;0.0;;0.0;810;0
airline;810;0;0;0.0;;0.0;810;0
magellan;809;5;2;0.62;40.0;0.25;804;3
topface;808;0;0;0.0;;0.0;808;0
stokke;805;0;0;0.0;;0.0;805;0
leo;801;0;0;0.0;;0.0;801;0
fissman;800;0;0;0.0;;0.0;800;0
maestro;799;1;0;0.13;0.0;0.0;798;1
nutricia;799;0;0;0.0;;0.0;799;0
touchbeauty;797;0;0;0.0;;0.0;797;0
bushnell;796;0;0;0.0;;0.0;796;0
festool;795;0;0;0.0;;0.0;795;0
eco;792;0;0;0.0;;0.0;792;0
salmo;792;0;0;0.0;;0.0;792;0
avel;789;0;0;0.0;;0.0;789;0
rozenbal;782;0;0;0.0;;0.0;782;0
zubr;779;0;0;0.0;;0.0;779;0
annaanna;778;0;0;0.0;;0.0;778;0
moov;775;0;0;0.0;;0.0;775;0
energizer;775;2;0;0.26;0.0;0.0;773;2
metsui;774;12;7;1.55;58.33;0.9;762;5
deta;770;0;0;0.0;;0.0;770;0
teka;768;0;0;0.0;;0.0;768;0
rossinka;767;0;0;0.0;;0.0;767;0
weifeng;764;0;0;0.0;;0.0;764;0
lexmark;763;0;0;0.0;;0.0;763;0
dymatize;763;0;0;0.0;;0.0;763;0
tacx;763;5;5;0.66;100.0;0.66;758;0
viewsonic;761;11;4;1.45;36.36;0.53;750;7
bugatti;760;0;0;0.0;;0.0;760;0
alser;759;1;0;0.13;0.0;0.0;758;1
momert;758;0;0;0.0;;0.0;758;0
wster;757;0;0;0.0;;0.0;757;0
prolike;756;0;0;0.0;;0.0;756;0
afnan;755;0;0;0.0;;0.0;755;0
roca;754;0;0;0.0;;0.0;754;0
pikate;753;0;0;0.0;;0.0;753;0
tenda;752;1;1;0.13;100.0;0.13;751;0
skytech;751;0;0;0.0;;0.0;751;0
lirene;749;0;0;0.0;;0.0;749;0
kuppersberg;748;0;0;0.0;;0.0;748;0
karmen;739;0;0;0.0;;0.0;739;0
alca;739;0;0;0.0;;0.0;739;0
gembird;736;3;0;0.41;0.0;0.0;733;3
kef;734;0;0;0.0;;0.0;734;0
ambition;733;0;0;0.0;;0.0;733;0
tega;730;0;0;0.0;;0.0;730;0
arpenaz;729;0;0;0.0;;0.0;729;0
jasmine;729;0;0;0.0;;0.0;729;0
kuppersbusch;729;0;0;0.0;;0.0;729;0
danke;725;0;0;0.0;;0.0;725;0
bradex;724;17;7;2.35;41.18;0.97;707;10
taller;724;0;0;0.0;;0.0;724;0
spaquatoria;722;0;0;0.0;;0.0;722;0
calorie;721;0;0;0.0;;0.0;721;0
rcr;720;0;0;0.0;;0.0;720;0
skagen;718;0;0;0.0;;0.0;718;0
minerva;716;0;0;0.0;;0.0;716;0
shenma;715;0;0;0.0;;0.0;715;0
telefunken;715;0;0;0.0;;0.0;715;0
simfer;714;12;5;1.68;41.67;0.7;702;7
luris;712;0;0;0.0;;0.0;712;0
achilles;712;0;0;0.0;;0.0;712;0
pro-karaoke;710;0;0;0.0;;0.0;710;0
polaroid;709;0;0;0.0;;0.0;709;0
e-twow;707;0;0;0.0;;0.0;707;0
author;706;4;3;0.57;75.0;0.42;702;1
nitecore;706;0;0;0.0;;0.0;706;0
domcraft;704;0;0;0.0;;0.0;704;0
internedoors;703;0;0;0.0;;0.0;703;0
pangao;702;6;4;0.85;66.67;0.57;696;2
waspo;701;0;0;0.0;;0.0;701;0
ariete;698;0;0;0.0;;0.0;698;0
aeolus;697;0;0;0.0;;0.0;697;0
halmar;696;0;0;0.0;;0.0;696;0
homeart;696;0;0;0.0;;0.0;696;0
forza;696;0;0;0.0;;0.0;696;0
shua;695;0;0;0.0;;0.0;695;0
zeetex;694;0;0;0.0;;0.0;694;0
guangwei;692;0;0;0.0;;0.0;692;0
zebratoys;692;0;0;0.0;;0.0;692;0
apache;692;0;0;0.0;;0.0;692;0
sakura;691;0;0;0.0;;0.0;691;0
dsland;689;0;0;0.0;;0.0;689;0
dremel;688;6;2;0.87;33.33;0.29;682;4
bresser;688;0;0;0.0;;0.0;688;0
rubineta;682;0;0;0.0;;0.0;682;0
wortex;682;0;0;0.0;;0.0;682;0
fancy;681;0;0;0.0;;0.0;681;0
mammut;680;0;0;0.0;;0.0;680;0
parrot;678;0;0;0.0;;0.0;678;0
lonex;678;0;0;0.0;;0.0;678;0
playgro;677;1;0;0.15;0.0;0.0;676;1
burberry;675;0;0;0.0;;0.0;675;0
korg;673;2;0;0.3;0.0;0.0;671;2
embawood;670;0;0;0.0;;0.0;670;0
rainbo;667;11;2;1.65;18.18;0.3;656;9
elegant;667;0;0;0.0;;0.0;667;0
pintinox;667;0;0;0.0;;0.0;667;0
medeli;666;0;0;0.0;;0.0;666;0
roxy;665;0;0;0.0;;0.0;665;0
ty;664;0;0;0.0;;0.0;664;0
biwec;662;0;0;0.0;;0.0;662;0
globber;661;2;1;0.3;50.0;0.15;659;1
qiangchi;657;0;0;0.0;;0.0;657;0
amouage;654;0;0;0.0;;0.0;654;0
vertex;653;0;0;0.0;;0.0;653;0
altenzo;653;0;0;0.0;;0.0;653;0
wethepeople;651;4;0;0.61;0.0;0.0;647;4
global;649;3;0;0.46;0.0;0.0;646;3
dfc;649;0;0;0.0;;0.0;649;0
elco;648;0;0;0.0;;0.0;648;0
wonderlab;647;0;0;0.0;;0.0;647;0
verbatim;647;3;1;0.46;33.33;0.15;644;2
rosetta;646;0;0;0.0;;0.0;646;0
behringer;645;0;0;0.0;;0.0;645;0
bambini;644;1;1;0.16;100.0;0.16;643;0
karaja;643;0;0;0.0;;0.0;643;0
powcan;639;0;0;0.0;;0.0;639;0
moon;639;0;0;0.0;;0.0;639;0
aurora;638;0;0;0.0;;0.0;638;0
arrivo;637;0;0;0.0;;0.0;637;0
wuw;637;0;0;0.0;;0.0;637;0
rezult;636;0;0;0.0;;0.0;636;0
burton;635;0;0;0.0;;0.0;635;0
am.pm;632;0;0;0.0;;0.0;632;0
graphite;632;0;0;0.0;;0.0;632;0
divalux;631;0;0;0.0;;0.0;631;0
altair;630;0;0;0.0;;0.0;630;0
dls;628;0;0;0.0;;0.0;628;0
perina;627;0;0;0.0;;0.0;627;0
sinotex;624;0;0;0.0;;0.0;624;0
note;621;0;0;0.0;;0.0;621;0
gainward;617;0;0;0.0;;0.0;617;0
kisswill;616;0;0;0.0;;0.0;616;0
gemei;616;0;0;0.0;;0.0;616;0
joyroom;616;6;2;0.97;33.33;0.32;610;4
gardena;615;0;0;0.0;;0.0;615;0
air-cool;612;7;1;1.14;14.29;0.16;605;6
vipe;612;0;0;0.0;;0.0;612;0
stinger;612;0;0;0.0;;0.0;612;0
jumper;612;0;0;0.0;;0.0;612;0
fiio;612;0;0;0.0;;0.0;612;0
solaris;611;0;0;0.0;;0.0;611;0
sms;610;0;0;0.0;;0.0;610;0
senci;610;0;0;0.0;;0.0;610;0
ugreen;610;0;0;0.0;;0.0;610;0
koss;609;11;2;1.81;18.18;0.33;598;9
fisherman;609;0;0;0.0;;0.0;609;0
schneider;608;0;0;0.0;;0.0;608;0
baige;608;0;0;0.0;;0.0;608;0
crona;607;0;0;0.0;;0.0;607;0
prc;603;0;0;0.0;;0.0;603;0
westa;602;0;0;0.0;;0.0;602;0
palisad;601;0;0;0.0;;0.0;601;0
coopervision;600;0;0;0.0;;0.0;600;0
kuttenkeuler;599;0;0;0.0;;0.0;599;0
twins;595;0;0;0.0;;0.0;595;0
nuna;594;5;3;0.84;60.0;0.51;589;2
easywalker;594;0;0;0.0;;0.0;594;0
kraftool;593;0;0;0.0;;0.0;593;0
selective;593;0;0;0.0;;0.0;593;0
avene;593;0;0;0.0;;0.0;593;0
onkron;592;0;0;0.0;;0.0;592;0
zic;589;0;0;0.0;;0.0;589;0
vectron;586;0;0;0.0;;0.0;586;0
sunday;586;0;0;0.0;;0.0;586;0
maxima;584;0;0;0.0;;0.0;584;0
mancera;582;2;1;0.34;50.0;0.17;580;1
buggy;582;0;0;0.0;;0.0;582;0
remix;582;0;0;0.0;;0.0;582;0
victorinox;578;0;0;0.0;;0.0;578;0
meade;577;0;0;0.0;;0.0;577;0
devos;576;0;0;0.0;;0.0;576;0
franke;576;0;0;0.0;;0.0;576;0
babylisspro;576;0;0;0.0;;0.0;576;0
sirius;575;0;0;0.0;;0.0;575;0
tch;574;0;0;0.0;;0.0;574;0
similac;572;0;0;0.0;;0.0;572;0
info;571;0;0;0.0;;0.0;571;0
berlingerhaus;571;21;7;3.68;33.33;1.23;550;14
mystar;570;0;0;0.0;;0.0;570;0
ventara;570;0;0;0.0;;0.0;570;0
comfee;570;23;13;4.04;56.52;2.28;547;10
bochetti;570;0;0;0.0;;0.0;570;0
mbs;569;1;1;0.18;100.0;0.18;568;0
cannondale;569;0;0;0.0;;0.0;569;0
giornonotte;569;0;0;0.0;;0.0;569;0
finish;566;0;0;0.0;;0.0;566;0
dds;565;0;0;0.0;;0.0;565;0
leeco;565;0;0;0.0;;0.0;565;0
pandect;564;2;1;0.35;50.0;0.18;562;1
babys;563;10;7;1.78;70.0;1.24;553;3
compasal;562;0;0;0.0;;0.0;562;0
escada;560;1;1;0.18;100.0;0.18;559;0
vossen;559;0;0;0.0;;0.0;559;0
sportbaby;559;3;1;0.54;33.33;0.18;556;2
keune;559;0;0;0.0;;0.0;559;0
sunsuki;558;0;0;0.0;;0.0;558;0
polti;558;0;0;0.0;;0.0;558;0
solite;557;0;0;0.0;;0.0;557;0
edox;555;0;0;0.0;;0.0;555;0
maxi-cosi;555;0;0;0.0;;0.0;555;0
capcom;554;24;10;4.33;41.67;1.81;530;14
scott;553;0;0;0.0;;0.0;553;0
phillips;553;13;7;2.35;53.85;1.27;540;6
pny;552;0;0;0.0;;0.0;552;0
sonyinteractiveentertainment;550;35;14;6.36;40.0;2.55;515;21
syntrax;549;0;0;0.0;;0.0;549;0
flambeau;546;0;0;0.0;;0.0;546;0
ricoh;545;1;0;0.18;0.0;0.0;544;1
babyzz;544;0;0;0.0;;0.0;544;0
kovea;543;0;0;0.0;;0.0;543;0
hanowa;542;0;0;0.0;;0.0;542;0
natrol;542;0;0;0.0;;0.0;542;0
holiday;540;0;0;0.0;;0.0;540;0
yamaguchi;540;3;0;0.56;0.0;0.0;537;3
modern;537;25;14;4.66;56.0;2.61;512;11
manuoki;537;22;9;4.1;40.91;1.68;515;13
ara;537;0;0;0.0;;0.0;537;0
babor;533;0;0;0.0;;0.0;533;0
mido;532;0;0;0.0;;0.0;532;0
carwel;532;0;0;0.0;;0.0;532;0
pinskdrev;532;0;0;0.0;;0.0;532;0
smoby;531;0;0;0.0;;0.0;531;0
optoma;528;5;0;0.95;0.0;0.0;523;5
zengen;527;0;0;0.0;;0.0;527;0
kari;527;11;2;2.09;18.18;0.38;516;9
mitre;526;0;0;0.0;;0.0;526;0
samson;525;0;0;0.0;;0.0;525;0
leader;524;15;4;2.86;26.67;0.76;509;11
olympus;521;0;0;0.0;;0.0;521;0
daiwa;518;1;0;0.19;0.0;0.0;517;1
converse;517;0;0;0.0;;0.0;517;0
parkcity;516;0;0;0.0;;0.0;516;0
deerma;515;0;0;0.0;;0.0;515;0
romax;514;0;0;0.0;;0.0;514;0
ortega;512;0;0;0.0;;0.0;512;0
ibili;507;0;0;0.0;;0.0;507;0
matrol;506;0;0;0.0;;0.0;506;0
bissell;505;5;2;0.99;40.0;0.4;500;3
goo.n;503;23;11;4.57;47.83;2.19;480;12
daisy;503;0;0;0.0;;0.0;503;0
orico;503;0;0;0.0;;0.0;503;0
x-race;501;0;0;0.0;;0.0;501;0
ecolab;501;0;0;0.0;;0.0;501;0
